Date,Monthly Rainfall,District Name,Market Name,Commodity,Min Price (Rs./Quintal),Max Price (Rs./Quintal),Modal Price (Rs./Quintal),Season
22-Oct-16,90,Nashik,Yeola,Soyabean,2775,2780,2775,Post-Monsoon
10-Nov-16,0,Nashik,Yeola,Soyabean,2781,2781,2781,Post-Monsoon
21-Nov-16,0,Nashik,Yeola,Soyabean,2775,2850,2800,Post-Monsoon
23-Nov-16,0,Nashik,Yeola,Soyabean,2781,2781,2781,Post-Monsoon
24-Nov-16,0,Nashik,Yeola,Soyabean,2775,2780,2775,Post-Monsoon
30-Nov-16,0,Nashik,Yeola,Soyabean,2775,2800,2780,Post-Monsoon
01-Dec-16,0,Nashik,Yeola,Soyabean,2782,2888,2830,Winter
05-Dec-16,0,Nashik,Yeola,Soyabean,2775,3038,2775,Winter
07-Dec-16,0,Nashik,Yeola,Soyabean,2775,2820,2780,Winter
08-Dec-16,0,Nashik,Yeola,Soyabean,2770,2800,2770,Winter
09-Dec-16,0,Nashik,Yeola,Soyabean,2700,2773,2727,Winter
10-Dec-16,0,Nashik,Yeola,Soyabean,2775,2790,2781,Winter
14-Dec-16,0,Nashik,Yeola,Soyabean,2781,2811,2800,Winter
15-Dec-16,0,Nashik,Yeola,Soyabean,2782,2790,2782,Winter
16-Dec-16,0,Nashik,Yeola,Soyabean,2852,2862,2852,Winter
17-Dec-16,0,Nashik,Yeola,Soyabean,2785,2842,2830,Winter
19-Dec-16,0,Nashik,Yeola,Soyabean,2775,2814,2800,Winter
21-Dec-16,0,Nashik,Yeola,Soyabean,1900,2727,2675,Winter
22-Dec-16,0,Nashik,Yeola,Soyabean,2675,2771,2699,Winter
30-Dec-16,0,Nashik,Yeola,Soyabean,2775,2818,2800,Winter
06-Jan-17,0,Nashik,Yeola,Soyabean,2828,2828,2828,Winter
09-Jan-17,0,Nashik,Yeola,Soyabean,2799,2799,2799,Winter
11-Jan-17,0,Nashik,Yeola,Soyabean,2790,2790,2790,Winter
12-Jan-17,0,Nashik,Yeola,Soyabean,2775,2784,2780,Winter
16-Jan-17,0,Nashik,Yeola,Soyabean,2775,2780,2775,Winter
18-Jan-17,0,Nashik,Yeola,Soyabean,2781,2888,2851,Winter
23-Jan-17,0,Nashik,Yeola,Soyabean,2775,2783,2781,Winter
25-Jan-17,0,Nashik,Yeola,Soyabean,2780,2780,2780,Winter
30-Jan-17,0,Nashik,Yeola,Soyabean,2200,2733,2725,Winter
06-Feb-17,0,Nashik,Yeola,Soyabean,2401,2745,2640,Winter
10-Feb-17,0,Nashik,Yeola,Soyabean,2471,2700,2689,Winter
13-Feb-17,0,Nashik,Yeola,Soyabean,2001,2706,2675,Winter
16-Feb-17,0,Nashik,Yeola,Soyabean,2701,2720,2705,Winter
17-Feb-17,0,Nashik,Yeola,Soyabean,2700,2720,2705,Winter
25-Feb-17,0,Nashik,Yeola,Soyabean,2600,2728,2714,Winter
27-Feb-17,0,Nashik,Yeola,Soyabean,2551,2727,2701,Winter
03-Mar-17,0,Nashik,Yeola,Soyabean,2700,2751,2743,Summer
06-Mar-17,0,Nashik,Yeola,Soyabean,2527,2676,2637,Summer
08-Mar-17,0,Nashik,Yeola,Soyabean,2500,2745,2655,Summer
10-Mar-17,0,Nashik,Yeola,Soyabean,2501,2734,2501,Summer
16-Mar-17,0,Nashik,Yeola,Soyabean,2600,2727,2712,Summer
20-Mar-17,0,Nashik,Yeola,Soyabean,2775,2790,2775,Summer
05-Apr-17,0,Nashik,Yeola,Soyabean,2775,2800,2775,Summer
10-Apr-17,0,Nashik,Yeola,Soyabean,2729,2751,2729,Summer
12-Apr-17,0,Nashik,Yeola,Soyabean,2775,2783,2775,Summer
15-Apr-17,0,Nashik,Yeola,Soyabean,2780,2799,2786,Summer
19-Apr-17,0,Nashik,Yeola,Soyabean,2800,2815,2800,Summer
24-Apr-17,0,Nashik,Yeola,Soyabean,2775,2834,2828,Summer
27-Apr-17,0,Nashik,Yeola,Soyabean,2801,2801,2801,Summer
06-May-17,0,Nashik,Yeola,Soyabean,2747,2747,2747,Summer
08-May-17,0,Nashik,Yeola,Soyabean,2700,2790,2750,Summer
10-May-17,0,Nashik,Yeola,Soyabean,2639,2751,2726,Summer
11-May-17,0,Nashik,Yeola,Soyabean,2637,2645,2645,Summer
12-May-17,0,Nashik,Yeola,Soyabean,2671,2718,2686,Summer
13-May-17,0,Nashik,Yeola,Soyabean,2727,2727,2727,Summer
17-May-17,0,Nashik,Yeola,Soyabean,2625,2699,2650,Summer
19-May-17,0,Nashik,Yeola,Soyabean,2100,2700,2600,Summer
20-May-17,0,Nashik,Yeola,Soyabean,2200,2699,2600,Summer
26-May-17,0,Nashik,Yeola,Soyabean,2641,2641,2641,Summer
29-May-17,0,Nashik,Yeola,Soyabean,2625,2635,2625,Summer
31-May-17,0,Nashik,Yeola,Soyabean,2100,2562,2331,Summer
10-Jun-17,89.2,Nashik,Yeola,Soyabean,2466,2691,2574,Monsoon
12-Jun-17,89.2,Nashik,Yeola,Soyabean,2400,2651,2642,Monsoon
16-Jun-17,89.2,Nashik,Yeola,Soyabean,2775,2775,2775,Monsoon
19-Jun-17,89.2,Nashik,Yeola,Soyabean,2645,2668,2660,Monsoon
28-Jun-17,89.2,Nashik,Yeola,Soyabean,2301,2621,2579,Monsoon
01-Jul-17,108.2,Nashik,Yeola,Soyabean,2675,2700,2700,Monsoon
06-Jul-17,108.2,Nashik,Yeola,Soyabean,2773,2773,2773,Monsoon
07-Jul-17,108.2,Nashik,Yeola,Soyabean,2751,2771,2771,Monsoon
17-Jul-17,108.2,Nashik,Yeola,Soyabean,2769,2776,2776,Monsoon
31-Jul-17,108.2,Nashik,Yeola,Soyabean,2773,2800,2775,Monsoon
04-Aug-17,98.6,Nashik,Yeola,Soyabean,2759,2759,2759,Monsoon
10-Aug-17,98.6,Nashik,Yeola,Soyabean,2775,2775,2775,Monsoon
23-Aug-17,98.6,Nashik,Yeola,Soyabean,2800,3100,2951,Monsoon
31-Aug-17,98.6,Nashik,Yeola,Soyabean,2875,2955,2875,Monsoon
04-Sep-17,95.7,Nashik,Yeola,Soyabean,2775,2910,2800,Monsoon
06-Sep-17,95.7,Nashik,Yeola,Soyabean,2900,2916,2900,Monsoon
27-Sep-17,95.7,Nashik,Yeola,Soyabean,2782,2785,2782,Monsoon
04-Oct-17,91,Nashik,Yeola,Soyabean,2775,2780,2775,Post-Monsoon
05-Oct-17,91,Nashik,Yeola,Soyabean,3051,3079,3065,Post-Monsoon
06-Oct-17,91,Nashik,Yeola,Soyabean,3055,3060,3058,Post-Monsoon
07-Oct-17,91,Nashik,Yeola,Soyabean,3051,3081,3077,Post-Monsoon
09-Oct-17,91,Nashik,Yeola,Soyabean,3000,3048,3025,Post-Monsoon
11-Oct-17,91,Nashik,Yeola,Soyabean,3050,3058,3050,Post-Monsoon
12-Oct-17,91,Nashik,Yeola,Soyabean,3055,3062,3060,Post-Monsoon
14-Oct-17,91,Nashik,Yeola,Soyabean,3055,3099,3070,Post-Monsoon
23-Oct-17,91,Nashik,Yeola,Soyabean,3052,3064,3058,Post-Monsoon
26-Oct-17,91,Nashik,Yeola,Soyabean,3050,3125,3100,Post-Monsoon
28-Oct-17,91,Nashik,Yeola,Soyabean,3060,3125,3100,Post-Monsoon
30-Oct-17,91,Nashik,Yeola,Soyabean,3050,3125,3100,Post-Monsoon
01-Nov-17,1.2,Nashik,Yeola,Soyabean,3050,3100,3075,Post-Monsoon
02-Nov-17,1.2,Nashik,Yeola,Soyabean,3050,3125,3100,Post-Monsoon
03-Nov-17,1.2,Nashik,Yeola,Soyabean,3050,3150,3100,Post-Monsoon
04-Nov-17,1.2,Nashik,Yeola,Soyabean,3050,3100,3075,Post-Monsoon
06-Nov-17,1.2,Nashik,Yeola,Soyabean,3050,3160,3070,Post-Monsoon
08-Nov-17,1.2,Nashik,Yeola,Soyabean,3050,3080,3055,Post-Monsoon
09-Nov-17,1.2,Nashik,Yeola,Soyabean,3055,3102,3075,Post-Monsoon
13-Nov-17,1.2,Nashik,Yeola,Soyabean,3057,3080,3060,Post-Monsoon
16-Nov-17,1.2,Nashik,Yeola,Soyabean,3055,3064,3055,Post-Monsoon
17-Nov-17,1.2,Nashik,Yeola,Soyabean,3055,3061,3058,Post-Monsoon
22-Nov-17,1.2,Nashik,Yeola,Soyabean,3055,3055,3055,Post-Monsoon
23-Nov-17,1.2,Nashik,Yeola,Soyabean,3052,3052,3052,Post-Monsoon
24-Nov-17,1.2,Nashik,Yeola,Soyabean,3051,3061,3051,Post-Monsoon
25-Nov-17,1.2,Nashik,Yeola,Soyabean,3061,3081,3061,Post-Monsoon
27-Nov-17,1.2,Nashik,Yeola,Soyabean,3054,3060,3055,Post-Monsoon
29-Nov-17,1.2,Nashik,Yeola,Soyabean,3050,3055,3050,Post-Monsoon
30-Nov-17,1.2,Nashik,Yeola,Soyabean,3053,3061,3055,Post-Monsoon
02-Dec-17,3.6,Nashik,Yeola,Soyabean,3053,3057,3055,Winter
04-Dec-17,3.6,Nashik,Yeola,Soyabean,3057,3061,3060,Winter
06-Dec-17,3.6,Nashik,Yeola,Soyabean,2600,2893,2700,Winter
09-Dec-17,3.6,Nashik,Yeola,Soyabean,3059,3063,3059,Winter
13-Dec-17,3.6,Nashik,Yeola,Soyabean,2503,2975,2877,Winter
14-Dec-17,3.6,Nashik,Yeola,Soyabean,3065,3066,3066,Winter
15-Dec-17,3.6,Nashik,Yeola,Soyabean,3059,3059,3059,Winter
18-Dec-17,3.6,Nashik,Yeola,Soyabean,3054,3076,3076,Winter
20-Dec-17,3.6,Nashik,Yeola,Soyabean,3051,3061,3055,Winter
23-Dec-17,3.6,Nashik,Yeola,Soyabean,3057,3060,3057,Winter
27-Dec-17,3.6,Nashik,Yeola,Soyabean,3051,3086,3058,Winter
28-Dec-17,3.6,Nashik,Yeola,Soyabean,3054,3090,3060,Winter
29-Dec-17,3.6,Nashik,Yeola,Soyabean,3056,3060,3056,Winter
30-Dec-17,3.6,Nashik,Yeola,Soyabean,2875,2950,2875,Winter
01-Jan-18,0,Nashik,Yeola,Soyabean,3051,3061,3058,Winter
03-Jan-18,0,Nashik,Yeola,Soyabean,2500,2939,2800,Winter
04-Jan-18,0,Nashik,Yeola,Soyabean,3054,3070,3062,Winter
05-Jan-18,0,Nashik,Yeola,Soyabean,3052,3060,3055,Winter
08-Jan-18,0,Nashik,Yeola,Soyabean,3053,3053,3053,Winter
10-Jan-18,0,Nashik,Yeola,Soyabean,3101,3178,3101,Winter
11-Jan-18,0,Nashik,Yeola,Soyabean,3000,3151,3141,Winter
17-Jan-18,0,Nashik,Yeola,Soyabean,3161,3197,3161,Winter
18-Jan-18,0,Nashik,Yeola,Soyabean,3186,3212,3186,Winter
19-Jan-18,0,Nashik,Yeola,Soyabean,3218,3218,3218,Winter
20-Jan-18,0,Nashik,Yeola,Soyabean,3201,3215,3201,Winter
22-Jan-18,0,Nashik,Yeola,Soyabean,3311,3401,3390,Winter
24-Jan-18,0,Nashik,Yeola,Soyabean,3370,3495,3370,Winter
25-Jan-18,0,Nashik,Yeola,Soyabean,3576,3600,3576,Winter
29-Jan-18,0,Nashik,Yeola,Soyabean,3451,3805,3760,Winter
31-Jan-18,0,Nashik,Yeola,Soyabean,3729,3729,3729,Winter
01-Feb-18,0,Nashik,Yeola,Soyabean,3200,3725,3500,Winter
02-Feb-18,0,Nashik,Yeola,Soyabean,3213,3722,3611,Winter
05-Feb-18,0,Nashik,Yeola,Soyabean,3486,3600,3570,Winter
07-Feb-18,0,Nashik,Yeola,Soyabean,3401,3575,3550,Winter
08-Feb-18,0,Nashik,Yeola,Soyabean,3471,3560,3501,Winter
10-Feb-18,0,Nashik,Yeola,Soyabean,3502,3650,3640,Winter
12-Feb-18,0,Nashik,Yeola,Soyabean,3657,3811,3740,Winter
14-Feb-18,0,Nashik,Yeola,Soyabean,3575,3720,3680,Winter
16-Feb-18,0,Nashik,Yeola,Soyabean,3450,3775,3600,Winter
21-Feb-18,0,Nashik,Yeola,Soyabean,3586,3690,3681,Winter
22-Feb-18,0,Nashik,Yeola,Soyabean,3350,3666,3350,Winter
23-Feb-18,0,Nashik,Yeola,Soyabean,3647,3679,3647,Winter
24-Feb-18,0,Nashik,Yeola,Soyabean,3200,3676,3660,Winter
03-Mar-18,0.1,Nashik,Yeola,Soyabean,3788,3801,3795,Summer
07-Mar-18,0.1,Nashik,Yeola,Soyabean,3618,3791,3755,Summer
08-Mar-18,0.1,Nashik,Yeola,Soyabean,3500,3800,3786,Summer
09-Mar-18,0.1,Nashik,Yeola,Soyabean,3651,3729,3728,Summer
14-Mar-18,0.1,Nashik,Yeola,Soyabean,3699,3699,3699,Summer
19-Mar-18,0.1,Nashik,Yeola,Soyabean,3201,3699,3650,Summer
22-Mar-18,0.1,Nashik,Yeola,Soyabean,3150,3752,3648,Summer
09-Apr-18,0,Nashik,Yeola,Soyabean,3500,3660,3660,Summer
11-Apr-18,0,Nashik,Yeola,Soyabean,3560,3690,3689,Summer
12-Apr-18,0,Nashik,Yeola,Soyabean,3500,3700,3700,Summer
16-Apr-18,0,Nashik,Yeola,Soyabean,3669,3715,3690,Summer
19-Apr-18,0,Nashik,Yeola,Soyabean,3651,3651,3651,Summer
03-May-18,0,Nashik,Yeola,Soyabean,3260,3792,3500,Summer
09-May-18,0,Nashik,Yeola,Soyabean,3499,3506,3506,Summer
14-May-18,0,Nashik,Yeola,Soyabean,3150,3480,3150,Summer
18-May-18,0,Nashik,Yeola,Soyabean,3450,3475,3450,Summer
23-May-18,0,Nashik,Yeola,Soyabean,3565,3565,3565,Summer
25-May-18,0,Nashik,Yeola,Soyabean,3101,3470,3350,Summer
28-May-18,0,Nashik,Yeola,Soyabean,3454,3588,3454,Summer
31-May-18,0,Nashik,Yeola,Soyabean,3351,3451,3425,Summer
08-Jun-18,113.4,Nashik,Yeola,Soyabean,3550,3550,3550,Monsoon
09-Jun-18,113.4,Nashik,Yeola,Soyabean,3200,3268,3251,Monsoon
20-Jun-18,113.4,Nashik,Yeola,Soyabean,3151,3260,3200,Monsoon
04-Jul-18,33.7,Nashik,Yeola,Soyabean,3390,3390,3390,Monsoon
20-Jul-18,33.7,Nashik,Yeola,Soyabean,3561,3561,3561,Monsoon
20-Aug-18,111.7,Nashik,Yeola,Soyabean,3300,3300,3300,Monsoon
26-Sep-18,17.8,Nashik,Yeola,Soyabean,3209,3321,3232,Monsoon
27-Sep-18,17.8,Nashik,Yeola,Soyabean,3184,3313,3260,Monsoon
28-Sep-18,17.8,Nashik,Yeola,Soyabean,2700,3179,3100,Monsoon
29-Sep-18,17.8,Nashik,Yeola,Soyabean,2662,3001,3000,Monsoon
01-Oct-18,2.5,Nashik,Yeola,Soyabean,2711,2970,2911,Post-Monsoon
03-Oct-18,2.5,Nashik,Yeola,Soyabean,2847,2965,2900,Post-Monsoon
04-Oct-18,2.5,Nashik,Yeola,Soyabean,2500,3012,2950,Post-Monsoon
05-Oct-18,2.5,Nashik,Yeola,Soyabean,2980,3111,2980,Post-Monsoon
06-Oct-18,2.5,Nashik,Yeola,Soyabean,2900,3160,3070,Post-Monsoon
10-Oct-18,2.5,Nashik,Yeola,Soyabean,2828,3131,3000,Post-Monsoon
11-Oct-18,2.5,Nashik,Yeola,Soyabean,2964,3083,3036,Post-Monsoon
12-Oct-18,2.5,Nashik,Yeola,Soyabean,3000,3087,3030,Post-Monsoon
13-Oct-18,2.5,Nashik,Yeola,Soyabean,3000,3131,3070,Post-Monsoon
15-Oct-18,2.5,Nashik,Yeola,Soyabean,3000,3239,3140,Post-Monsoon
17-Oct-18,2.5,Nashik,Yeola,Soyabean,3000,3208,3150,Post-Monsoon
19-Oct-18,2.5,Nashik,Yeola,Soyabean,3105,3221,3150,Post-Monsoon
20-Oct-18,2.5,Nashik,Yeola,Soyabean,2932,3191,3101,Post-Monsoon
22-Oct-18,2.5,Nashik,Yeola,Soyabean,2952,3079,3050,Post-Monsoon
24-Oct-18,2.5,Nashik,Yeola,Soyabean,2889,3101,3051,Post-Monsoon
25-Oct-18,2.5,Nashik,Yeola,Soyabean,2550,3200,3000,Post-Monsoon
26-Oct-18,2.5,Nashik,Yeola,Soyabean,3031,3213,3150,Post-Monsoon
27-Oct-18,2.5,Nashik,Yeola,Soyabean,2900,3200,3180,Post-Monsoon
29-Oct-18,2.5,Nashik,Yeola,Soyabean,2500,3211,3100,Post-Monsoon
31-Oct-18,2.5,Nashik,Yeola,Soyabean,3050,3264,3201,Post-Monsoon
01-Nov-18,5,Nashik,Yeola,Soyabean,3039,3199,3175,Post-Monsoon
02-Nov-18,5,Nashik,Yeola,Soyabean,2950,3202,3175,Post-Monsoon
12-Nov-18,5,Nashik,Yeola,Soyabean,3000,3299,3299,Post-Monsoon
14-Nov-18,5,Nashik,Yeola,Soyabean,3281,3346,3281,Post-Monsoon
17-Nov-18,5,Nashik,Yeola,Soyabean,3050,3212,3100,Post-Monsoon
19-Nov-18,5,Nashik,Yeola,Soyabean,2850,3295,3200,Post-Monsoon
22-Nov-18,5,Nashik,Yeola,Soyabean,3275,3298,3297,Post-Monsoon
26-Nov-18,5,Nashik,Yeola,Soyabean,3000,3301,3298,Post-Monsoon
30-Nov-18,5,Nashik,Yeola,Soyabean,3150,3300,3250,Post-Monsoon
01-Dec-18,0,Nashik,Yeola,Soyabean,2800,3257,3225,Winter
05-Dec-18,0,Nashik,Yeola,Soyabean,3101,3272,3259,Winter
07-Dec-18,0,Nashik,Yeola,Soyabean,3004,3160,3100,Winter
10-Dec-18,0,Nashik,Yeola,Soyabean,3240,3254,3240,Winter
12-Dec-18,0,Nashik,Yeola,Soyabean,3184,3274,3204,Winter
13-Dec-18,0,Nashik,Yeola,Soyabean,3076,3266,3250,Winter
19-Dec-18,0,Nashik,Yeola,Soyabean,2828,3264,3079,Winter
20-Dec-18,0,Nashik,Yeola,Soyabean,3230,3274,3274,Winter
24-Dec-18,0,Nashik,Yeola,Soyabean,3171,3250,3191,Winter
27-Dec-18,0,Nashik,Yeola,Soyabean,3220,3241,3234,Winter
28-Dec-18,0,Nashik,Yeola,Soyabean,3186,3238,3190,Winter
29-Dec-18,0,Nashik,Yeola,Soyabean,2900,3250,3207,Winter
02-Jan-19,0,Nashik,Yeola,Soyabean,3232,3300,3283,Winter
04-Jan-19,0,Nashik,Yeola,Soyabean,3200,3380,3340,Winter
09-Jan-19,0,Nashik,Yeola,Soyabean,3353,3391,3376,Winter
10-Jan-19,0,Nashik,Yeola,Soyabean,3201,3381,3375,Winter
12-Jan-19,0,Nashik,Yeola,Soyabean,3340,3401,3340,Winter
17-Jan-19,0,Nashik,Yeola,Soyabean,3513,3513,3513,Winter
18-Jan-19,0,Nashik,Yeola,Soyabean,3434,3577,3551,Winter
23-Jan-19,0,Nashik,Yeola,Soyabean,3602,3708,3708,Winter
24-Jan-19,0,Nashik,Yeola,Soyabean,3636,3636,3636,Winter
01-Feb-19,0,Nashik,Yeola,Soyabean,3755,3755,3755,Winter
02-Feb-19,0,Nashik,Yeola,Soyabean,3659,3659,3659,Winter
06-Feb-19,0,Nashik,Yeola,Soyabean,3436,3696,3636,Winter
13-Feb-19,0,Nashik,Yeola,Soyabean,3575,3600,3579,Winter
18-Feb-19,0,Nashik,Yeola,Soyabean,3641,3641,3641,Winter
22-Feb-19,0,Nashik,Yeola,Soyabean,3500,3500,3500,Winter
01-Mar-19,0,Nashik,Yeola,Soyabean,3399,3399,3399,Summer
08-Mar-19,0,Nashik,Yeola,Soyabean,3570,3600,3600,Summer
11-Mar-19,0,Nashik,Yeola,Soyabean,3200,3632,3575,Summer
13-Mar-19,0,Nashik,Yeola,Soyabean,3401,3890,3590,Summer
14-Mar-19,0,Nashik,Yeola,Soyabean,3561,3603,3585,Summer
15-Mar-19,0,Nashik,Yeola,Soyabean,3551,3551,3551,Summer
16-Mar-19,0,Nashik,Yeola,Soyabean,3525,3552,3540,Summer
18-Mar-19,0,Nashik,Yeola,Soyabean,3575,3588,3575,Summer
10-Apr-19,0,Nashik,Yeola,Soyabean,3653,3662,3657,Summer
11-Apr-19,0,Nashik,Yeola,Soyabean,3600,3670,3651,Summer
12-Apr-19,0,Nashik,Yeola,Soyabean,3691,3699,3699,Summer
15-Apr-19,0,Nashik,Yeola,Soyabean,3400,3681,3576,Summer
18-Apr-19,0,Nashik,Yeola,Soyabean,3601,3613,3613,Summer
24-Apr-19,0,Nashik,Yeola,Soyabean,3433,3572,3500,Summer
26-Apr-19,0,Nashik,Yeola,Soyabean,3500,3551,3550,Summer
02-May-19,0,Nashik,Yeola,Soyabean,3402,3475,3475,Summer
03-May-19,0,Nashik,Yeola,Soyabean,3450,3451,3451,Summer
06-May-19,0,Nashik,Yeola,Soyabean,3450,3450,3450,Summer
08-May-19,0,Nashik,Yeola,Soyabean,3450,3531,3531,Summer
09-May-19,0,Nashik,Yeola,Soyabean,3507,3514,3514,Summer
10-May-19,0,Nashik,Yeola,Soyabean,3441,3551,3551,Summer
20-May-19,0,Nashik,Yeola,Soyabean,3476,3526,3526,Summer
22-May-19,0,Nashik,Yeola,Soyabean,3400,3491,3482,Summer
29-May-19,0,Nashik,Yeola,Soyabean,2799,2799,2799,Summer
06-Jun-19,74.2,Nashik,Yeola,Soyabean,3400,3470,3400,Monsoon
08-Jun-19,74.2,Nashik,Yeola,Soyabean,3490,3490,3490,Monsoon
12-Jun-19,74.2,Nashik,Yeola,Soyabean,3401,3470,3450,Monsoon
14-Jun-19,74.2,Nashik,Yeola,Soyabean,3513,3513,3513,Monsoon
15-Jun-19,74.2,Nashik,Yeola,Soyabean,3471,3510,3500,Monsoon
17-Jun-19,74.2,Nashik,Yeola,Soyabean,3500,3502,3502,Monsoon
24-Jun-19,74.2,Nashik,Yeola,Soyabean,3475,3500,3500,Monsoon
26-Jun-19,74.2,Nashik,Yeola,Soyabean,3400,3451,3451,Monsoon
28-Jun-19,74.2,Nashik,Yeola,Soyabean,3400,3450,3404,Monsoon
03-Jul-19,165.2,Nashik,Yeola,Soyabean,3465,3465,3465,Monsoon
22-Jul-19,165.2,Nashik,Yeola,Soyabean,3400,3470,3470,Monsoon
24-Jul-19,165.2,Nashik,Yeola,Soyabean,3451,3525,3501,Monsoon
14-Aug-19,77.4,Nashik,Yeola,Soyabean,3451,3451,3451,Monsoon
16-Aug-19,77.4,Nashik,Yeola,Soyabean,3516,3516,3516,Monsoon
21-Aug-19,77.4,Nashik,Yeola,Soyabean,3471,3471,3471,Monsoon
05-Sep-19,200.3,Nashik,Yeola,Soyabean,3400,3551,3551,Monsoon
11-Sep-19,200.3,Nashik,Yeola,Soyabean,3560,3560,3560,Monsoon
03-Oct-19,97.8,Nashik,Yeola,Soyabean,3750,3800,3800,Post-Monsoon
05-Oct-19,97.8,Nashik,Yeola,Soyabean,3401,3561,3431,Post-Monsoon
07-Oct-19,97.8,Nashik,Yeola,Soyabean,3201,3600,3480,Post-Monsoon
09-Oct-19,97.8,Nashik,Yeola,Soyabean,2900,3571,3377,Post-Monsoon
10-Oct-19,97.8,Nashik,Yeola,Soyabean,3375,3627,3408,Post-Monsoon
11-Oct-19,97.8,Nashik,Yeola,Soyabean,3000,3553,3351,Post-Monsoon
12-Oct-19,97.8,Nashik,Yeola,Soyabean,2951,3580,3389,Post-Monsoon
14-Oct-19,97.8,Nashik,Yeola,Soyabean,3141,3530,3351,Post-Monsoon
16-Oct-19,97.8,Nashik,Yeola,Soyabean,3050,3563,3350,Post-Monsoon
17-Oct-19,97.8,Nashik,Yeola,Soyabean,3081,3600,3530,Post-Monsoon
18-Oct-19,97.8,Nashik,Yeola,Soyabean,3000,3575,3525,Post-Monsoon
22-Oct-19,97.8,Nashik,Yeola,Soyabean,3000,3561,3525,Post-Monsoon
01-Nov-19,33.7,Nashik,Yeola,Soyabean,3725,3820,3800,Post-Monsoon
02-Nov-19,33.7,Nashik,Yeola,Soyabean,3351,3800,3520,Post-Monsoon
07-Nov-19,33.7,Nashik,Yeola,Soyabean,3500,3826,3650,Post-Monsoon
08-Nov-19,33.7,Nashik,Yeola,Soyabean,3000,3881,3751,Post-Monsoon
09-Nov-19,33.7,Nashik,Yeola,Soyabean,3710,3899,3773,Post-Monsoon
11-Nov-19,33.7,Nashik,Yeola,Soyabean,3000,3801,3741,Post-Monsoon
13-Nov-19,33.7,Nashik,Yeola,Soyabean,3710,3758,3751,Post-Monsoon
14-Nov-19,33.7,Nashik,Yeola,Soyabean,2700,3771,3688,Post-Monsoon
15-Nov-19,33.7,Nashik,Yeola,Soyabean,3201,3776,3501,Post-Monsoon
16-Nov-19,33.7,Nashik,Yeola,Soyabean,2816,3719,3699,Post-Monsoon
18-Nov-19,33.7,Nashik,Yeola,Soyabean,3000,3718,3680,Post-Monsoon
20-Nov-19,33.7,Nashik,Yeola,Soyabean,3351,3775,3750,Post-Monsoon
21-Nov-19,33.7,Nashik,Yeola,Soyabean,2701,3826,3701,Post-Monsoon
22-Nov-19,33.7,Nashik,Yeola,Soyabean,3451,3852,3701,Post-Monsoon
25-Nov-19,33.7,Nashik,Yeola,Soyabean,3710,3876,3771,Post-Monsoon
27-Nov-19,33.7,Nashik,Yeola,Soyabean,2851,3920,3700,Post-Monsoon
28-Nov-19,33.7,Nashik,Yeola,Soyabean,3725,3892,3830,Post-Monsoon
29-Nov-19,33.7,Nashik,Yeola,Soyabean,3710,3886,3851,Post-Monsoon
30-Nov-19,33.7,Nashik,Yeola,Soyabean,3715,3873,3775,Post-Monsoon
02-Dec-19,0,Nashik,Yeola,Soyabean,3839,3839,3839,Winter
04-Dec-19,0,Nashik,Yeola,Soyabean,3710,3871,3771,Winter
05-Dec-19,0,Nashik,Yeola,Soyabean,3011,3650,3650,Winter
06-Dec-19,0,Nashik,Yeola,Soyabean,3710,3951,3925,Winter
07-Dec-19,0,Nashik,Yeola,Soyabean,3750,3956,3900,Winter
09-Dec-19,0,Nashik,Yeola,Soyabean,3800,4041,4001,Winter
11-Dec-19,0,Nashik,Yeola,Soyabean,3781,4074,3955,Winter
13-Dec-19,0,Nashik,Yeola,Soyabean,3713,4200,4161,Winter
16-Dec-19,0,Nashik,Yeola,Soyabean,3800,4142,4041,Winter
19-Dec-19,0,Nashik,Yeola,Soyabean,4251,4251,4251,Winter
20-Dec-19,0,Nashik,Yeola,Soyabean,3800,4266,4251,Winter
21-Dec-19,0,Nashik,Yeola,Soyabean,4212,4251,4212,Winter
23-Dec-19,0,Nashik,Yeola,Soyabean,3800,4276,4201,Winter
25-Dec-19,0,Nashik,Yeola,Soyabean,4192,4192,4192,Winter
27-Dec-19,0,Nashik,Yeola,Soyabean,3901,4289,4200,Winter
30-Dec-19,0,Nashik,Yeola,Soyabean,4299,4368,4300,Winter
01-Jan-20,0,Nashik,Yeola,Soyabean,4151,4301,4199,Winter
03-Jan-20,0,Nashik,Yeola,Soyabean,4298,4303,4303,Winter
04-Jan-20,0,Nashik,Yeola,Soyabean,4000,4300,4300,Winter
06-Jan-20,0,Nashik,Yeola,Soyabean,4171,4171,4171,Winter
08-Jan-20,0,Nashik,Yeola,Soyabean,3900,4185,4075,Winter
10-Jan-20,0,Nashik,Yeola,Soyabean,4255,4388,4343,Winter
13-Jan-20,0,Nashik,Yeola,Soyabean,3800,4379,4341,Winter
25-Jan-20,0,Nashik,Yeola,Soyabean,4001,4131,4131,Winter
27-Jan-20,0,Nashik,Yeola,Soyabean,3975,4022,4000,Winter
30-Jan-20,0,Nashik,Yeola,Soyabean,3964,3965,3965,Winter
31-Jan-20,0,Nashik,Yeola,Soyabean,3839,3951,3951,Winter
03-Feb-20,0,Nashik,Yeola,Soyabean,3240,3952,3900,Winter
07-Feb-20,0,Nashik,Yeola,Soyabean,3000,3900,3800,Winter
10-Feb-20,0,Nashik,Yeola,Soyabean,3500,3602,3600,Winter
12-Feb-20,0,Nashik,Yeola,Soyabean,3700,3700,3700,Winter
13-Feb-20,0,Nashik,Yeola,Soyabean,3599,3740,3625,Winter
14-Feb-20,0,Nashik,Yeola,Soyabean,3751,3751,3751,Winter
17-Feb-20,0,Nashik,Yeola,Soyabean,3350,3699,3550,Winter
22-Feb-20,0,Nashik,Yeola,Soyabean,3776,3776,3776,Winter
28-Feb-20,0,Nashik,Yeola,Soyabean,3103,3452,3452,Winter
02-Mar-20,0,Nashik,Yeola,Soyabean,2550,3535,3200,Summer
06-Mar-20,0,Nashik,Yeola,Soyabean,3553,3686,3601,Summer
12-Mar-20,0,Nashik,Yeola,Soyabean,3211,3211,3211,Summer
16-Mar-20,0,Nashik,Yeola,Soyabean,3275,3298,3298,Summer
05-Jun-20,218.6,Nashik,Yeola,Soyabean,3000,3637,3637,Monsoon
12-Jun-20,218.6,Nashik,Yeola,Soyabean,3536,3536,3536,Monsoon
17-Jun-20,218.6,Nashik,Yeola,Soyabean,3301,35551,3499,Monsoon
22-Jun-20,218.6,Nashik,Yeola,Soyabean,2500,3508,3451,Monsoon
26-Jun-20,218.6,Nashik,Yeola,Soyabean,3500,3500,3500,Monsoon
27-Jun-20,218.6,Nashik,Yeola,Soyabean,3550,3550,3550,Monsoon
02-Jul-20,150,Nashik,Yeola,Soyabean,3352,3500,3500,Monsoon
03-Jul-20,150,Nashik,Yeola,Soyabean,3000,3570,3560,Monsoon
08-Jul-20,150,Nashik,Yeola,Soyabean,3000,3551,3551,Monsoon
11-Jul-20,150,Nashik,Yeola,Soyabean,3457,3457,3457,Monsoon
13-Jul-20,150,Nashik,Yeola,Soyabean,2500,3461,3300,Monsoon
18-Jul-20,150,Nashik,Yeola,Soyabean,2500,3500,3452,Monsoon
05-Aug-20,93.7,Nashik,Yeola,Soyabean,3572,3572,3572,Monsoon
07-Aug-20,93.7,Nashik,Yeola,Soyabean,3599,3626,3626,Monsoon
19-Aug-20,93.7,Nashik,Yeola,Soyabean,3491,3491,3491,Monsoon
26-Aug-20,93.7,Nashik,Yeola,Soyabean,3300,3726,3523,Monsoon
04-Sep-20,245.5,Nashik,Yeola,Soyabean,3650,3650,3650,Monsoon
16-Sep-20,245.5,Nashik,Yeola,Soyabean,3559,3620,3578,Monsoon
18-Sep-20,245.5,Nashik,Yeola,Soyabean,3450,3799,3618,Monsoon
21-Sep-20,245.5,Nashik,Yeola,Soyabean,3282,3951,3838,Monsoon
23-Sep-20,245.5,Nashik,Yeola,Soyabean,2700,3800,3500,Monsoon
24-Sep-20,245.5,Nashik,Yeola,Soyabean,3351,3791,3415,Monsoon
25-Sep-20,245.5,Nashik,Yeola,Soyabean,3000,3501,3363,Monsoon
26-Sep-20,245.5,Nashik,Yeola,Soyabean,2901,3737,3699,Monsoon
28-Sep-20,245.5,Nashik,Yeola,Soyabean,2500,3640,3401,Monsoon
30-Sep-20,245.5,Nashik,Yeola,Soyabean,2700,3800,3500,Monsoon
01-Oct-20,99.6,Nashik,Yeola,Soyabean,3300,3790,3600,Post-Monsoon
05-Oct-20,99.6,Nashik,Yeola,Soyabean,3111,3581,3500,Post-Monsoon
07-Oct-20,99.6,Nashik,Yeola,Soyabean,3300,3642,3550,Post-Monsoon
08-Oct-20,99.6,Nashik,Yeola,Soyabean,3000,3714,3625,Post-Monsoon
09-Oct-20,99.6,Nashik,Yeola,Soyabean,2876,3743,3651,Post-Monsoon
10-Oct-20,99.6,Nashik,Yeola,Soyabean,3100,4012,3790,Post-Monsoon
12-Oct-20,99.6,Nashik,Yeola,Soyabean,3476,4138,3965,Post-Monsoon
14-Oct-20,99.6,Nashik,Yeola,Soyabean,3000,3920,3825,Post-Monsoon
28-Oct-20,99.6,Nashik,Yeola,Soyabean,3725,4147,4075,Post-Monsoon
29-Oct-20,99.6,Nashik,Yeola,Soyabean,3711,4099,4050,Post-Monsoon
30-Oct-20,99.6,Nashik,Yeola,Soyabean,3733,4301,4080,Post-Monsoon
31-Oct-20,99.6,Nashik,Yeola,Soyabean,3991,4150,4000,Post-Monsoon
02-Nov-20,13.1,Nashik,Yeola,Soyabean,3750,3991,3900,Post-Monsoon
04-Nov-20,13.1,Nashik,Yeola,Soyabean,3775,4020,3940,Post-Monsoon
06-Nov-20,13.1,Nashik,Yeola,Soyabean,3712,3990,3776,Post-Monsoon
07-Nov-20,13.1,Nashik,Yeola,Soyabean,3799,3985,3890,Post-Monsoon
09-Nov-20,13.1,Nashik,Yeola,Soyabean,3000,3860,3800,Post-Monsoon
19-Nov-20,13.1,Nashik,Yeola,Soyabean,3725,4204,4100,Post-Monsoon
20-Nov-20,13.1,Nashik,Yeola,Soyabean,3750,4291,4160,Post-Monsoon
21-Nov-20,13.1,Nashik,Yeola,Soyabean,3800,4300,4200,Post-Monsoon
23-Nov-20,13.1,Nashik,Yeola,Soyabean,3500,4266,4151,Post-Monsoon
25-Nov-20,13.1,Nashik,Yeola,Soyabean,3750,4178,4141,Post-Monsoon
27-Nov-20,13.1,Nashik,Yeola,Soyabean,3740,4123,4041,Post-Monsoon
30-Nov-20,13.1,Nashik,Yeola,Soyabean,3800,4011,4001,Post-Monsoon
02-Dec-20,2.9,Nashik,Yeola,Soyabean,3750,4145,4051,Winter
03-Dec-20,2.9,Nashik,Yeola,Soyabean,3756,4146,4012,Winter
04-Dec-20,2.9,Nashik,Yeola,Soyabean,3770,4138,4051,Winter
07-Dec-20,2.9,Nashik,Yeola,Soyabean,3725,4100,4060,Winter
09-Dec-20,2.9,Nashik,Yeola,Soyabean,3715,3811,3721,Winter
10-Dec-20,2.9,Nashik,Yeola,Soyabean,3712,3926,3855,Winter
11-Dec-20,2.9,Nashik,Yeola,Soyabean,3715,3900,3838,Winter
12-Dec-20,2.9,Nashik,Yeola,Soyabean,3776,4101,4081,Winter
16-Dec-20,2.9,Nashik,Yeola,Soyabean,3801,4050,3901,Winter
17-Dec-20,2.9,Nashik,Yeola,Soyabean,3850,4150,4086,Winter
18-Dec-20,2.9,Nashik,Yeola,Soyabean,3850,4150,4086,Winter
19-Dec-20,2.9,Nashik,Yeola,Soyabean,3955,4100,4041,Winter
21-Dec-20,2.9,Nashik,Yeola,Soyabean,4131,4176,4150,Winter
23-Dec-20,2.9,Nashik,Yeola,Soyabean,4038,4061,4061,Winter
24-Dec-20,2.9,Nashik,Yeola,Soyabean,4171,4231,4198,Winter
25-Dec-20,2.9,Nashik,Yeola,Soyabean,4107,4107,4107,Winter
26-Dec-20,2.9,Nashik,Yeola,Soyabean,4011,4151,4126,Winter
28-Dec-20,2.9,Nashik,Yeola,Soyabean,3933,4130,4101,Winter
01-Jan-21,7,Nashik,Yeola,Soyabean,3890,4365,4051,Winter
02-Jan-21,7,Nashik,Yeola,Soyabean,3900,4290,4141,Winter
04-Jan-21,7,Nashik,Yeola,Soyabean,3891,4394,4291,Winter
09-Jan-21,7,Nashik,Yeola,Soyabean,4354,4376,4354,Winter
20-Jan-21,7,Nashik,Yeola,Soyabean,4151,4275,4231,Winter
21-Jan-21,7,Nashik,Yeola,Soyabean,4052,4348,4243,Winter
22-Jan-21,7,Nashik,Yeola,Soyabean,4000,4300,4250,Winter
25-Jan-21,7,Nashik,Yeola,Soyabean,3901,4151,4050,Winter
27-Jan-21,7,Nashik,Yeola,Soyabean,4000,4211,4100,Winter
01-Feb-21,4.1,Nashik,Yeola,Soyabean,4261,4261,4261,Winter
03-Feb-21,4.1,Nashik,Yeola,Soyabean,3899,4299,4200,Winter
04-Feb-21,4.1,Nashik,Yeola,Soyabean,4290,4290,4290,Winter
05-Feb-21,4.1,Nashik,Yeola,Soyabean,4100,4430,4300,Winter
10-Feb-21,4.1,Nashik,Yeola,Soyabean,4000,4576,4444,Winter
13-Feb-21,4.1,Nashik,Yeola,Soyabean,3500,4670,4401,Winter
15-Feb-21,4.1,Nashik,Yeola,Soyabean,4500,4701,4646,Winter
17-Feb-21,4.1,Nashik,Yeola,Soyabean,4400,4701,4551,Winter
18-Feb-21,4.1,Nashik,Yeola,Soyabean,4326,4851,4500,Winter
24-Feb-21,4.1,Nashik,Yeola,Soyabean,4300,4951,4551,Winter
25-Feb-21,4.1,Nashik,Yeola,Soyabean,4000,4971,4500,Winter
26-Feb-21,4.1,Nashik,Yeola,Soyabean,3900,5018,4600,Winter
01-Mar-21,0.2,Nashik,Yeola,Soyabean,4900,5157,5143,Summer
03-Mar-21,0.2,Nashik,Yeola,Soyabean,4500,5115,5051,Summer
05-Mar-21,0.2,Nashik,Yeola,Soyabean,5011,5055,5055,Summer
06-Mar-21,0.2,Nashik,Yeola,Soyabean,4600,5109,4901,Summer
08-Mar-21,0.2,Nashik,Yeola,Soyabean,4751,5201,5151,Summer
10-Mar-21,0.2,Nashik,Yeola,Soyabean,4900,5182,5150,Summer
12-Mar-21,0.2,Nashik,Yeola,Soyabean,5000,5361,5251,Summer
15-Mar-21,0.2,Nashik,Yeola,Soyabean,4801,5433,5300,Summer
22-Mar-21,0.2,Nashik,Yeola,Soyabean,4100,5410,5300,Summer
05-Apr-21,1.7,Nashik,Yeola,Soyabean,5200,6426,6222,Summer
07-Apr-21,1.7,Nashik,Yeola,Soyabean,5500,6500,6200,Summer
16-Apr-21,1.7,Nashik,Yeola,Soyabean,6500,7199,7001,Summer
17-Apr-21,1.7,Nashik,Yeola,Soyabean,5100,5100,5100,Summer
19-Apr-21,1.7,Nashik,Yeola,Soyabean,4500,7200,7051,Summer
26-Apr-21,1.7,Nashik,Yeola,Soyabean,5000,6570,6570,Summer
03-May-21,58,Nashik,Yeola,Soyabean,5850,7000,6101,Summer
05-May-21,58,Nashik,Yeola,Soyabean,6701,7202,7051,Summer
26-May-21,58,Nashik,Yeola,Soyabean,6000,6970,6401,Summer
27-May-21,58,Nashik,Yeola,Soyabean,4000,6975,6700,Summer
28-May-21,58,Nashik,Yeola,Soyabean,6201,7100,7026,Summer
31-May-21,58,Nashik,Yeola,Soyabean,5000,6911,6801,Summer
02-Jun-21,129.9,Nashik,Yeola,Soyabean,4100,6750,6492,Monsoon
04-Jun-21,129.9,Nashik,Yeola,Soyabean,5801,7000,6850,Monsoon
07-Jun-21,129.9,Nashik,Yeola,Soyabean,5900,7470,7000,Monsoon
11-Jun-21,129.9,Nashik,Yeola,Soyabean,6225,7027,6969,Monsoon
12-Jun-21,129.9,Nashik,Yeola,Soyabean,6300,6950,6901,Monsoon
14-Jun-21,129.9,Nashik,Yeola,Soyabean,5801,6734,6630,Monsoon
16-Jun-21,129.9,Nashik,Yeola,Soyabean,6001,6800,6700,Monsoon
19-Jun-21,129.9,Nashik,Yeola,Soyabean,5555,6600,6300,Monsoon
21-Jun-21,129.9,Nashik,Yeola,Soyabean,5001,6792,6792,Monsoon
05-Jul-21,106.9,Nashik,Yeola,Soyabean,4000,7700,7391,Monsoon
17-Jul-21,106.9,Nashik,Yeola,Soyabean,6970,7481,7400,Monsoon
22-Jul-21,106.9,Nashik,Yeola,Soyabean,5500,7800,7525,Monsoon
28-Jul-21,106.9,Nashik,Yeola,Soyabean,6500,9000,8876,Monsoon
02-Sep-21,192.3,Nashik,Yeola,Soyabean,6650,7999,7700,Monsoon
06-Sep-21,192.3,Nashik,Yeola,Soyabean,5800,8500,7552,Monsoon
08-Sep-21,192.3,Nashik,Yeola,Soyabean,5350,7100,6375,Monsoon
15-Sep-21,192.3,Nashik,Yeola,Soyabean,4230,7000,7000,Monsoon
16-Sep-21,192.3,Nashik,Yeola,Soyabean,5390,7000,6000,Monsoon
17-Sep-21,192.3,Nashik,Yeola,Soyabean,7000,7530,7162,Monsoon
18-Sep-21,192.3,Nashik,Yeola,Soyabean,5800,7101,6700,Monsoon
20-Sep-21,192.3,Nashik,Yeola,Soyabean,4000,5725,5010,Monsoon
22-Sep-21,192.3,Nashik,Yeola,Soyabean,4025,5650,4960,Monsoon
23-Sep-21,192.3,Nashik,Yeola,Soyabean,4000,5900,5000,Monsoon
24-Sep-21,192.3,Nashik,Yeola,Soyabean,4000,5800,5000,Monsoon
25-Sep-21,192.3,Nashik,Yeola,Soyabean,4000,6002,5211,Monsoon
27-Sep-21,192.3,Nashik,Yeola,Soyabean,5000,6289,5401,Monsoon
29-Sep-21,192.3,Nashik,Yeola,Soyabean,3900,6001,5450,Monsoon
30-Sep-21,192.3,Nashik,Yeola,Soyabean,4000,5740,5000,Monsoon
04-Oct-21,49.7,Nashik,Yeola,Soyabean,4000,5651,4850,Post-Monsoon
06-Oct-21,49.7,Nashik,Yeola,Soyabean,4000,5650,5000,Post-Monsoon
07-Oct-21,49.7,Nashik,Yeola,Soyabean,4000,5670,5001,Post-Monsoon
08-Oct-21,49.7,Nashik,Yeola,Soyabean,4000,5736,5100,Post-Monsoon
09-Oct-21,49.7,Nashik,Yeola,Soyabean,3950,5661,5201,Post-Monsoon
13-Oct-21,49.7,Nashik,Yeola,Soyabean,3900,5299,4825,Post-Monsoon
14-Oct-21,49.7,Nashik,Yeola,Soyabean,3900,5101,4750,Post-Monsoon
16-Oct-21,49.7,Nashik,Yeola,Soyabean,4000,5151,4900,Post-Monsoon
18-Oct-21,49.7,Nashik,Yeola,Soyabean,3161,4950,4775,Post-Monsoon
20-Oct-21,49.7,Nashik,Yeola,Soyabean,3000,5074,4650,Post-Monsoon
21-Oct-21,49.7,Nashik,Yeola,Soyabean,3900,5225,5000,Post-Monsoon
22-Oct-21,49.7,Nashik,Yeola,Soyabean,4000,5101,4850,Post-Monsoon
23-Oct-21,49.7,Nashik,Yeola,Soyabean,3900,5115,4900,Post-Monsoon
25-Oct-21,49.7,Nashik,Yeola,Soyabean,3900,4800,4600,Post-Monsoon
27-Oct-21,49.7,Nashik,Yeola,Soyabean,4000,5041,4851,Post-Monsoon
28-Oct-21,49.7,Nashik,Yeola,Soyabean,4000,5150,4901,Post-Monsoon
29-Oct-21,49.7,Nashik,Yeola,Soyabean,3900,5151,4900,Post-Monsoon
08-Nov-21,4.3,Nashik,Yeola,Soyabean,3950,5200,4900,Post-Monsoon
10-Nov-21,4.3,Nashik,Yeola,Soyabean,3900,5331,5250,Post-Monsoon
11-Nov-21,4.3,Nashik,Yeola,Soyabean,3891,5350,5210,Post-Monsoon
12-Nov-21,4.3,Nashik,Yeola,Soyabean,4000,5377,5200,Post-Monsoon
15-Nov-21,4.3,Nashik,Yeola,Soyabean,4000,5805,5651,Post-Monsoon
17-Nov-21,4.3,Nashik,Yeola,Soyabean,4000,5781,5661,Post-Monsoon
18-Nov-21,4.3,Nashik,Yeola,Soyabean,4000,5941,5800,Post-Monsoon
19-Nov-21,4.3,Nashik,Yeola,Soyabean,3900,5955,5850,Post-Monsoon
22-Nov-21,4.3,Nashik,Yeola,Soyabean,4000,6188,6000,Post-Monsoon
24-Nov-21,4.3,Nashik,Yeola,Soyabean,4000,6530,6325,Post-Monsoon
25-Nov-21,4.3,Nashik,Yeola,Soyabean,4000,6496,6401,Post-Monsoon
26-Nov-21,4.3,Nashik,Yeola,Soyabean,4000,6599,6351,Post-Monsoon
27-Nov-21,4.3,Nashik,Yeola,Soyabean,5403,6121,5800,Post-Monsoon
29-Nov-21,4.3,Nashik,Yeola,Soyabean,4501,6251,6050,Post-Monsoon
01-Dec-21,28.3,Nashik,Yeola,Soyabean,5000,6151,6050,Winter
06-Dec-21,28.3,Nashik,Yeola,Soyabean,4000,6651,6500,Winter
08-Dec-21,28.3,Nashik,Yeola,Soyabean,4000,6602,6450,Winter
09-Dec-21,28.3,Nashik,Yeola,Soyabean,4000,6569,6450,Winter
10-Dec-21,28.3,Nashik,Yeola,Soyabean,6000,6477,6300,Winter
13-Dec-21,28.3,Nashik,Yeola,Soyabean,4000,6521,6450,Winter
15-Dec-21,28.3,Nashik,Yeola,Soyabean,4000,6224,6150,Winter
16-Dec-21,28.3,Nashik,Yeola,Soyabean,4000,6367,6300,Winter
17-Dec-21,28.3,Nashik,Yeola,Soyabean,6275,6426,6350,Winter
20-Dec-21,28.3,Nashik,Yeola,Soyabean,3900,6014,5900,Winter
22-Dec-21,28.3,Nashik,Yeola,Soyabean,4100,6090,6050,Winter
23-Dec-21,28.3,Nashik,Yeola,Soyabean,4800,6180,6105,Winter
24-Dec-21,28.3,Nashik,Yeola,Soyabean,5801,6326,6280,Winter
25-Dec-21,28.3,Nashik,Yeola,Soyabean,4000,6285,6276,Winter
27-Dec-21,28.3,Nashik,Yeola,Soyabean,3901,6332,6200,Winter
29-Dec-21,28.3,Nashik,Yeola,Soyabean,6200,6399,6301,Winter
30-Dec-21,28.3,Nashik,Yeola,Soyabean,4000,6395,6275,Winter
03-Jan-22,0,Nashik,Yeola,Soyabean,5000,6312,6201,Winter
06-Jan-22,0,Nashik,Yeola,Soyabean,4599,6325,6150,Winter
07-Jan-22,0,Nashik,Yeola,Soyabean,5151,6350,6314,Winter
08-Jan-22,0,Nashik,Yeola,Soyabean,4500,6342,6251,Winter
10-Jan-22,0,Nashik,Yeola,Soyabean,6000,6351,6325,Winter
13-Jan-22,0,Nashik,Yeola,Soyabean,5000,6311,6275,Winter
17-Jan-22,0,Nashik,Yeola,Soyabean,5899,6100,5900,Winter
19-Jan-22,0,Nashik,Yeola,Soyabean,5000,6268,6150,Winter
20-Jan-22,0,Nashik,Yeola,Soyabean,5800,6225,6213,Winter
21-Jan-22,0,Nashik,Yeola,Soyabean,5600,6196,6161,Winter
22-Jan-22,0,Nashik,Yeola,Soyabean,6000,6162,6127,Winter
24-Jan-22,0,Nashik,Yeola,Soyabean,4000,6250,6180,Winter
27-Jan-22,0,Nashik,Yeola,Soyabean,5500,6179,6100,Winter
28-Jan-22,0,Nashik,Yeola,Soyabean,5600,6125,6100,Winter
29-Jan-22,0,Nashik,Yeola,Soyabean,5800,6130,5981,Winter
31-Jan-22,0,Nashik,Yeola,Soyabean,5376,6056,5950,Winter
02-Feb-22,0,Nashik,Yeola,Soyabean,5000,6145,6100,Winter
03-Feb-22,0,Nashik,Yeola,Soyabean,4401,6326,6257,Winter
04-Feb-22,0,Nashik,Yeola,Soyabean,4000,6300,6212,Winter
05-Feb-22,0,Nashik,Yeola,Soyabean,5700,6240,6201,Winter
07-Feb-22,0,Nashik,Yeola,Soyabean,5000,6375,6300,Winter
09-Feb-22,0,Nashik,Yeola,Soyabean,4000,6275,6211,Winter
10-Feb-22,0,Nashik,Yeola,Soyabean,5000,6281,6226,Winter
11-Feb-22,0,Nashik,Yeola,Soyabean,4000,6397,6345,Winter
12-Feb-22,0,Nashik,Yeola,Soyabean,6251,6362,6322,Winter
14-Feb-22,0,Nashik,Yeola,Soyabean,6100,6495,6451,Winter
16-Feb-22,0,Nashik,Yeola,Soyabean,5000,6470,6350,Winter
17-Feb-22,0,Nashik,Yeola,Soyabean,4000,6468,6400,Winter
18-Feb-22,0,Nashik,Yeola,Soyabean,5000,6499,6400,Winter
21-Feb-22,0,Nashik,Yeola,Soyabean,4311,6768,6600,Winter
23-Feb-22,0,Nashik,Yeola,Soyabean,5000,7211,7100,Winter
24-Feb-22,0,Nashik,Yeola,Soyabean,5560,7608,7475,Winter
25-Feb-22,0,Nashik,Yeola,Soyabean,6000,7387,7240,Winter
26-Feb-22,0,Nashik,Yeola,Soyabean,4000,6950,6851,Winter
28-Feb-22,0,Nashik,Yeola,Soyabean,6000,7645,6321,Winter
02-Mar-22,8.3,Nashik,Yeola,Soyabean,6700,7768,7401,Summer
03-Mar-22,8.3,Nashik,Yeola,Soyabean,6000,7499,7331,Summer
04-Mar-22,8.3,Nashik,Yeola,Soyabean,4850,7699,7385,Summer
05-Mar-22,8.3,Nashik,Yeola,Soyabean,5500,7321,7100,Summer
07-Mar-22,8.3,Nashik,Yeola,Soyabean,6001,7461,7381,Summer
10-Mar-22,8.3,Nashik,Yeola,Soyabean,6000,7570,7475,Summer
11-Mar-22,8.3,Nashik,Yeola,Soyabean,5151,7501,7481,Summer
12-Mar-22,8.3,Nashik,Yeola,Soyabean,6000,7413,7400,Summer
14-Mar-22,8.3,Nashik,Yeola,Soyabean,6000,7436,7400,Summer
16-Mar-22,8.3,Nashik,Yeola,Soyabean,5000,7500,7300,Summer
19-Mar-22,8.3,Nashik,Yeola,Soyabean,6600,7290,7175,Summer
21-Mar-22,8.3,Nashik,Yeola,Soyabean,4000,7199,7175,Summer
23-Mar-22,8.3,Nashik,Yeola,Soyabean,4000,7331,7275,Summer
25-Mar-22,8.3,Nashik,Yeola,Soyabean,6000,7390,7330,Summer
04-Apr-22,0.1,Nashik,Yeola,Soyabean,5000,7353,7300,Summer
06-Apr-22,0.1,Nashik,Yeola,Soyabean,6500,7471,7371,Summer
07-Apr-22,0.1,Nashik,Yeola,Soyabean,4000,7501,7451,Summer
08-Apr-22,0.1,Nashik,Yeola,Soyabean,4500,7500,7400,Summer
09-Apr-22,0.1,Nashik,Yeola,Soyabean,5000,7451,7341,Summer
11-Apr-22,0.1,Nashik,Yeola,Soyabean,5000,7499,7350,Summer
13-Apr-22,0.1,Nashik,Yeola,Soyabean,5000,7418,7335,Summer
15-Apr-22,0.1,Nashik,Yeola,Soyabean,6300,7351,7300,Summer
18-Apr-22,0.1,Nashik,Yeola,Soyabean,4000,7460,7345,Summer
20-Apr-22,0.1,Nashik,Yeola,Soyabean,6500,7439,7361,Summer
21-Apr-22,0.1,Nashik,Yeola,Soyabean,6000,7391,7248,Summer
22-Apr-22,0.1,Nashik,Yeola,Soyabean,6000,7380,7350,Summer
23-Apr-22,0.1,Nashik,Yeola,Soyabean,5000,7371,7300,Summer
25-Apr-22,0.1,Nashik,Yeola,Soyabean,6500,7379,7350,Summer
27-Apr-22,0.1,Nashik,Yeola,Soyabean,5000,7269,7200,Summer
28-Apr-22,0.1,Nashik,Yeola,Soyabean,5000,7202,7151,Summer
29-Apr-22,0.1,Nashik,Yeola,Soyabean,6000,7099,6901,Summer
02-May-22,0,Nashik,Yeola,Soyabean,4000,6720,6601,Summer
04-May-22,0,Nashik,Yeola,Soyabean,5776,6672,6601,Summer
05-May-22,0,Nashik,Yeola,Soyabean,4500,6725,6600,Summer
06-May-22,0,Nashik,Yeola,Soyabean,5700,6699,6451,Summer
07-May-22,0,Nashik,Yeola,Soyabean,5500,6800,6635,Summer
09-May-22,0,Nashik,Yeola,Soyabean,6102,6900,6700,Summer
11-May-22,0,Nashik,Yeola,Soyabean,4500,6780,6650,Summer
13-May-22,0,Nashik,Yeola,Soyabean,4000,6711,6501,Summer
14-May-22,0,Nashik,Yeola,Soyabean,5000,6601,6500,Summer
16-May-22,0,Nashik,Yeola,Soyabean,4800,6749,6600,Summer
18-May-22,0,Nashik,Yeola,Soyabean,5451,6706,6650,Summer
19-May-22,0,Nashik,Yeola,Soyabean,6000,6650,6601,Summer
20-May-22,0,Nashik,Yeola,Soyabean,3900,6690,6550,Summer
21-May-22,0,Nashik,Yeola,Soyabean,5000,6690,6550,Summer
23-May-22,0,Nashik,Yeola,Soyabean,4000,6730,6601,Summer
25-May-22,0,Nashik,Yeola,Soyabean,4501,6581,6440,Summer
26-May-22,0,Nashik,Yeola,Soyabean,4000,6512,6405,Summer
27-May-22,0,Nashik,Yeola,Soyabean,5000,6501,6355,Summer
28-May-22,0,Nashik,Yeola,Soyabean,4000,6501,6351,Summer
30-May-22,0,Nashik,Yeola,Soyabean,5500,6400,6250,Summer
01-Jun-22,73.4,Nashik,Yeola,Soyabean,4000,6416,6351,Monsoon
03-Jun-22,73.4,Nashik,Yeola,Soyabean,4000,6370,6251,Monsoon
08-Jun-22,73.4,Nashik,Yeola,Soyabean,5000,6500,6401,Monsoon
09-Jun-22,73.4,Nashik,Yeola,Soyabean,6000,6750,6691,Monsoon
10-Jun-22,73.4,Nashik,Yeola,Soyabean,5000,6700,6600,Monsoon
11-Jun-22,73.4,Nashik,Yeola,Soyabean,4000,6681,6600,Monsoon
13-Jun-22,73.4,Nashik,Yeola,Soyabean,5301,6601,6501,Monsoon
15-Jun-22,73.4,Nashik,Yeola,Soyabean,6000,6451,6341,Monsoon
16-Jun-22,73.4,Nashik,Yeola,Soyabean,5000,6499,6351,Monsoon
17-Jun-22,73.4,Nashik,Yeola,Soyabean,4800,6500,6350,Monsoon
18-Jun-22,73.4,Nashik,Yeola,Soyabean,5000,6575,6470,Monsoon
20-Jun-22,73.4,Nashik,Yeola,Soyabean,4000,6451,6380,Monsoon
22-Jun-22,73.4,Nashik,Yeola,Soyabean,5901,6275,6200,Monsoon
24-Jun-22,73.4,Nashik,Yeola,Soyabean,5000,6175,6081,Monsoon
25-Jun-22,73.4,Nashik,Yeola,Soyabean,5300,6033,5950,Monsoon
27-Jun-22,73.4,Nashik,Yeola,Soyabean,4000,6156,6141,Monsoon
29-Jun-22,73.4,Nashik,Yeola,Soyabean,5100,6354,6276,Monsoon
30-Jun-22,73.4,Nashik,Yeola,Soyabean,4500,6367,6340,Monsoon
02-Jul-22,232.7,Nashik,Yeola,Soyabean,4702,6262,6200,Monsoon
04-Jul-22,232.7,Nashik,Yeola,Soyabean,5000,6186,6151,Monsoon
06-Jul-22,232.7,Nashik,Yeola,Soyabean,4800,5946,5800,Monsoon
07-Jul-22,232.7,Nashik,Yeola,Soyabean,5000,5950,5850,Monsoon
08-Jul-22,232.7,Nashik,Yeola,Soyabean,5500,6012,6005,Monsoon
09-Jul-22,232.7,Nashik,Yeola,Soyabean,5000,6071,5900,Monsoon
11-Jul-22,232.7,Nashik,Yeola,Soyabean,5825,6130,6071,Monsoon
13-Jul-22,232.7,Nashik,Yeola,Soyabean,4000,6096,6050,Monsoon
14-Jul-22,232.7,Nashik,Yeola,Soyabean,5000,5990,5950,Monsoon
15-Jul-22,232.7,Nashik,Yeola,Soyabean,4000,6061,6001,Monsoon
16-Jul-22,232.7,Nashik,Yeola,Soyabean,5000,6062,5951,Monsoon
18-Jul-22,232.7,Nashik,Yeola,Soyabean,5899,5980,5965,Monsoon
20-Jul-22,232.7,Nashik,Yeola,Soyabean,6031,6153,6090,Monsoon
21-Jul-22,232.7,Nashik,Yeola,Soyabean,6000,6856,6127,Monsoon
23-Jul-22,232.7,Nashik,Yeola,Soyabean,4500,6041,6000,Monsoon
25-Jul-22,232.7,Nashik,Yeola,Soyabean,5775,6050,6035,Monsoon
27-Jul-22,232.7,Nashik,Yeola,Soyabean,4000,6138,6091,Monsoon
28-Jul-22,232.7,Nashik,Yeola,Soyabean,4000,6175,6100,Monsoon
29-Jul-22,232.7,Nashik,Yeola,Soyabean,5000,6275,6200,Monsoon
30-Jul-22,232.7,Nashik,Yeola,Soyabean,6027,6262,6201,Monsoon
01-Aug-22,103.1,Nashik,Yeola,Soyabean,5651,6270,6200,Monsoon
03-Aug-22,103.1,Nashik,Yeola,Soyabean,6076,6126,6100,Monsoon
04-Aug-22,103.1,Nashik,Yeola,Soyabean,5712,6300,6176,Monsoon
05-Aug-22,103.1,Nashik,Yeola,Soyabean,5000,6010,5950,Monsoon
06-Aug-22,103.1,Nashik,Yeola,Soyabean,5500,59990,5950,Monsoon
08-Aug-22,103.1,Nashik,Yeola,Soyabean,4000,6069,5951,Monsoon
10-Aug-22,103.1,Nashik,Yeola,Soyabean,4000,6080,6001,Monsoon
12-Aug-22,103.1,Nashik,Yeola,Soyabean,5980,6095,6071,Monsoon
13-Aug-22,103.1,Nashik,Yeola,Soyabean,4000,6125,6101,Monsoon
17-Aug-22,103.1,Nashik,Yeola,Soyabean,4900,6001,5975,Monsoon
18-Aug-22,103.1,Nashik,Yeola,Soyabean,4000,6018,5960,Monsoon
19-Aug-22,103.1,Nashik,Yeola,Soyabean,4500,5970,5880,Monsoon
22-Aug-22,103.1,Nashik,Yeola,Soyabean,4000,5895,5775,Monsoon
24-Aug-22,103.1,Nashik,Yeola,Soyabean,4901,5920,5768,Monsoon
25-Aug-22,103.1,Nashik,Yeola,Soyabean,5000,5801,5600,Monsoon
27-Aug-22,103.1,Nashik,Yeola,Soyabean,4000,5399,5201,Monsoon
29-Aug-22,103.1,Nashik,Yeola,Soyabean,4000,5450,5395,Monsoon
01-Sep-22,179.9,Nashik,Yeola,Soyabean,4500,5316,5200,Monsoon
02-Sep-22,179.9,Nashik,Yeola,Soyabean,5000,5331,5151,Monsoon
03-Sep-22,179.9,Nashik,Yeola,Soyabean,3990,5098,4900,Monsoon
05-Sep-22,179.9,Nashik,Yeola,Soyabean,4401,5125,4976,Monsoon
07-Sep-22,179.9,Nashik,Yeola,Soyabean,4551,5145,5000,Monsoon
08-Sep-22,179.9,Nashik,Yeola,Soyabean,4800,5047,5000,Monsoon
12-Sep-22,179.9,Nashik,Yeola,Soyabean,4876,6000,5400,Monsoon
15-Sep-22,179.9,Nashik,Yeola,Soyabean,4000,5271,5000,Monsoon
16-Sep-22,179.9,Nashik,Yeola,Soyabean,5000,5115,5050,Monsoon
19-Sep-22,179.9,Nashik,Yeola,Soyabean,5010,5313,5099,Monsoon
21-Sep-22,179.9,Nashik,Yeola,Soyabean,4900,5067,5000,Monsoon
23-Sep-22,179.9,Nashik,Yeola,Soyabean,4076,5075,5061,Monsoon
24-Sep-22,179.9,Nashik,Yeola,Soyabean,4900,5025,5000,Monsoon
28-Sep-22,179.9,Nashik,Yeola,Soyabean,3925,4891,4720,Monsoon
29-Sep-22,179.9,Nashik,Yeola,Soyabean,4850,4980,4850,Monsoon
30-Sep-22,179.9,Nashik,Yeola,Soyabean,4000,4873,4661,Monsoon
01-Oct-22,145.6,Nashik,Yeola,Soyabean,4175,5011,4870,Post-Monsoon
03-Oct-22,145.6,Nashik,Yeola,Soyabean,3899,5025,4500,Post-Monsoon
06-Oct-22,145.6,Nashik,Yeola,Soyabean,4000,4889,4500,Post-Monsoon
07-Oct-22,145.6,Nashik,Yeola,Soyabean,4000,4781,4400,Post-Monsoon
08-Oct-22,145.6,Nashik,Yeola,Soyabean,3900,4901,4300,Post-Monsoon
10-Oct-22,145.6,Nashik,Yeola,Soyabean,3882,4850,4500,Post-Monsoon
12-Oct-22,145.6,Nashik,Yeola,Soyabean,3900,5000,4400,Post-Monsoon
13-Oct-22,145.6,Nashik,Yeola,Soyabean,3950,4950,4400,Post-Monsoon
14-Oct-22,145.6,Nashik,Yeola,Soyabean,3900,5101,4500,Post-Monsoon
15-Oct-22,145.6,Nashik,Yeola,Soyabean,3880,5001,4450,Post-Monsoon
17-Oct-22,145.6,Nashik,Yeola,Soyabean,3900,5101,4500,Post-Monsoon
19-Oct-22,145.6,Nashik,Yeola,Soyabean,3900,4867,4450,Post-Monsoon
20-Oct-22,145.6,Nashik,Yeola,Soyabean,3900,5000,4550,Post-Monsoon
21-Oct-22,145.6,Nashik,Yeola,Soyabean,4000,5100,4650,Post-Monsoon
31-Oct-22,145.6,Nashik,Yeola,Soyabean,4000,5100,4950,Post-Monsoon
02-Nov-22,0,Nashik,Yeola,Soyabean,4401,5350,5200,Post-Monsoon
03-Nov-22,0,Nashik,Yeola,Soyabean,4001,5331,5270,Post-Monsoon
04-Nov-22,0,Nashik,Yeola,Soyabean,4203,5466,5375,Post-Monsoon
05-Nov-22,0,Nashik,Yeola,Soyabean,4931,5681,5500,Post-Monsoon
07-Nov-22,0,Nashik,Yeola,Soyabean,5290,5821,5681,Post-Monsoon
10-Nov-22,0,Nashik,Yeola,Soyabean,4000,5730,5500,Post-Monsoon
11-Nov-22,0,Nashik,Yeola,Soyabean,5000,5751,5671,Post-Monsoon
14-Nov-22,0,Nashik,Yeola,Soyabean,4001,5860,5740,Post-Monsoon
16-Nov-22,0,Nashik,Yeola,Soyabean,4501,5760,5670,Post-Monsoon
17-Nov-22,0,Nashik,Yeola,Soyabean,4500,5513,5475,Post-Monsoon
18-Nov-22,0,Nashik,Yeola,Soyabean,4500,5513,5470,Post-Monsoon
21-Nov-22,0,Nashik,Yeola,Soyabean,4301,5700,5600,Post-Monsoon
23-Nov-22,0,Nashik,Yeola,Soyabean,4700,5590,5560,Post-Monsoon
25-Nov-22,0,Nashik,Yeola,Soyabean,4800,5553,5470,Post-Monsoon
26-Nov-22,0,Nashik,Yeola,Soyabean,4999,5479,5461,Post-Monsoon
30-Nov-22,0,Nashik,Yeola,Soyabean,4600,5460,5425,Post-Monsoon
02-Dec-22,0.2,Nashik,Yeola,Soyabean,5051,5400,5350,Winter
05-Dec-22,0.2,Nashik,Yeola,Soyabean,5031,5355,5325,Winter
08-Dec-22,0.2,Nashik,Yeola,Soyabean,4951,5381,5350,Winter
09-Dec-22,0.2,Nashik,Yeola,Soyabean,5250,5496,5350,Winter
10-Dec-22,0.2,Nashik,Yeola,Soyabean,5320,5452,5380,Winter
12-Dec-22,0.2,Nashik,Yeola,Soyabean,4851,5500,5470,Winter
14-Dec-22,0.2,Nashik,Yeola,Soyabean,5000,5550,5480,Winter
15-Dec-22,0.2,Nashik,Yeola,Soyabean,5200,5500,5455,Winter
16-Dec-22,0.2,Nashik,Yeola,Soyabean,5331,5491,5490,Winter
17-Dec-22,0.2,Nashik,Yeola,Soyabean,5170,5400,5375,Winter
19-Dec-22,0.2,Nashik,Yeola,Soyabean,4450,5450,5380,Winter
21-Dec-22,0.2,Nashik,Yeola,Soyabean,4301,5540,5490,Winter
22-Dec-22,0.2,Nashik,Yeola,Soyabean,4000,5460,5410,Winter
23-Dec-22,0.2,Nashik,Yeola,Soyabean,5190,5460,5350,Winter
24-Dec-22,0.2,Nashik,Yeola,Soyabean,5252,5396,5361,Winter
28-Dec-22,0.2,Nashik,Yeola,Soyabean,4000,5356,5290,Winter
29-Dec-22,0.2,Nashik,Yeola,Soyabean,5000,5350,5290,Winter
30-Dec-22,0.2,Nashik,Yeola,Soyabean,5100,5366,5330,Winter
02-Jan-23,0,Nashik,Yeola,Soyabean,4101,5470,5350,Winter
05-Jan-23,0,Nashik,Yeola,Soyabean,5200,5461,5390,Winter
06-Jan-23,0,Nashik,Yeola,Soyabean,4800,5403,5340,Winter
11-Jan-23,0,Nashik,Yeola,Soyabean,4500,5388,5300,Winter
13-Jan-23,0,Nashik,Yeola,Soyabean,4900,5428,5360,Winter
18-Jan-23,0,Nashik,Yeola,Soyabean,4775,5371,5290,Winter
19-Jan-23,0,Nashik,Yeola,Soyabean,4000,5351,5000,Winter
20-Jan-23,0,Nashik,Yeola,Soyabean,4750,5470,5250,Winter
21-Jan-23,0,Nashik,Yeola,Soyabean,5151,5263,5234,Winter
23-Jan-23,0,Nashik,Yeola,Soyabean,4950,5170,5130,Winter
25-Jan-23,0,Nashik,Yeola,Soyabean,4501,5170,5100,Winter
27-Jan-23,0,Nashik,Yeola,Soyabean,4850,5157,5051,Winter
28-Jan-23,0,Nashik,Yeola,Soyabean,4500,5175,5100,Winter
30-Jan-23,0,Nashik,Yeola,Soyabean,4500,5154,5050,Winter
02-Feb-23,0,Nashik,Yeola,Soyabean,4000,5123,5000,Winter
04-Feb-23,0,Nashik,Yeola,Soyabean,5099,5151,5100,Winter
06-Feb-23,0,Nashik,Yeola,Soyabean,5080,5160,5100,Winter
08-Feb-23,0,Nashik,Yeola,Soyabean,4300,5190,5081,Winter
09-Feb-23,0,Nashik,Yeola,Soyabean,4000,5140,5075,Winter
10-Feb-23,0,Nashik,Yeola,Soyabean,4300,5169,5100,Winter
13-Feb-23,0,Nashik,Yeola,Soyabean,4501,5335,5200,Winter
15-Feb-23,0,Nashik,Yeola,Soyabean,4600,5262,5100,Winter
16-Feb-23,0,Nashik,Yeola,Soyabean,5050,5290,5150,Winter
17-Feb-23,0,Nashik,Yeola,Soyabean,5000,5285,5100,Winter
20-Feb-23,0,Nashik,Yeola,Soyabean,5000,5175,5100,Winter
22-Feb-23,0,Nashik,Yeola,Soyabean,5000,5220,5130,Winter
24-Feb-23,0,Nashik,Yeola,Soyabean,4801,5190,5050,Winter
25-Feb-23,0,Nashik,Yeola,Soyabean,4500,5176,5050,Winter
27-Feb-23,0,Nashik,Yeola,Soyabean,4800,5150,5080,Winter
01-Mar-23,20.1,Nashik,Yeola,Soyabean,4700,4990,4971,Summer
02-Mar-23,20.1,Nashik,Yeola,Soyabean,4700,5070,5000,Summer
03-Mar-23,20.1,Nashik,Yeola,Soyabean,4781,5040,4976,Summer
04-Mar-23,20.1,Nashik,Yeola,Soyabean,4047,5105,5051,Summer
08-Mar-23,20.1,Nashik,Yeola,Soyabean,4500,4975,4950,Summer
09-Mar-23,20.1,Nashik,Yeola,Soyabean,4500,5012,4800,Summer
10-Mar-23,20.1,Nashik,Yeola,Soyabean,4850,5076,4975,Summer
11-Mar-23,20.1,Nashik,Yeola,Soyabean,4051,4985,4875,Summer
13-Mar-23,20.1,Nashik,Yeola,Soyabean,4500,4990,4943,Summer
15-Mar-23,20.1,Nashik,Yeola,Soyabean,4401,5030,4905,Summer
17-Mar-23,20.1,Nashik,Yeola,Soyabean,4850,5075,5040,Summer
18-Mar-23,20.1,Nashik,Yeola,Soyabean,4436,5056,4891,Summer
20-Mar-23,20.1,Nashik,Yeola,Soyabean,4700,5100,5070,Summer
23-Mar-23,20.1,Nashik,Yeola,Soyabean,4501,5070,4970,Summer
24-Mar-23,20.1,Nashik,Yeola,Soyabean,4550,5060,4900,Summer
25-Mar-23,20.1,Nashik,Yeola,Soyabean,4500,5076,4981,Summer
27-Mar-23,20.1,Nashik,Yeola,Soyabean,4000,5036,5000,Summer
03-Apr-23,0,Nashik,Yeola,Soyabean,4900,5251,5250,Summer
07-Apr-23,0,Nashik,Yeola,Soyabean,4500,5236,5175,Summer
08-Apr-23,0,Nashik,Yeola,Soyabean,4000,5168,5001,Summer
10-Apr-23,0,Nashik,Yeola,Soyabean,4500,5051,5025,Summer
12-Apr-23,0,Nashik,Yeola,Soyabean,4500,4990,4951,Summer
13-Apr-23,0,Nashik,Yeola,Soyabean,4000,4971,4900,Summer
15-Apr-23,0,Nashik,Yeola,Soyabean,4000,5000,4925,Summer
17-Apr-23,0,Nashik,Yeola,Soyabean,4500,4950,4900,Summer
19-Apr-23,0,Nashik,Yeola,Soyabean,4000,5026,4951,Summer
20-Apr-23,0,Nashik,Yeola,Soyabean,4825,4959,4861,Summer
21-Apr-23,0,Nashik,Yeola,Soyabean,4400,4897,4800,Summer
24-Apr-23,0,Nashik,Yeola,Soyabean,4500,4904,4800,Summer
26-Apr-23,0,Nashik,Yeola,Soyabean,4551,4890,4720,Summer
03-May-23,0,Nashik,Yeola,Soyabean,4300,4891,4851,Summer
04-May-23,0,Nashik,Yeola,Soyabean,4360,4812,4611,Summer
05-May-23,0,Nashik,Yeola,Soyabean,4106,4951,4931,Summer
06-May-23,0,Nashik,Yeola,Soyabean,4500,4990,4925,Summer
08-May-23,0,Nashik,Yeola,Soyabean,4200,4976,4952,Summer
10-May-23,0,Nashik,Yeola,Soyabean,4401,4926,4850,Summer
13-May-23,0,Nashik,Yeola,Soyabean,4751,4850,4800,Summer
17-May-23,0,Nashik,Yeola,Soyabean,4000,4871,4795,Summer
18-May-23,0,Nashik,Yeola,Soyabean,4571,4800,4750,Summer
19-May-23,0,Nashik,Yeola,Soyabean,4200,4781,4700,Summer
20-May-23,0,Nashik,Yeola,Soyabean,4500,4899,4731,Summer
22-May-23,0,Nashik,Yeola,Soyabean,4000,4830,4751,Summer
24-May-23,0,Nashik,Yeola,Soyabean,4250,4790,4700,Summer
25-May-23,0,Nashik,Yeola,Soyabean,4501,4760,4700,Summer
26-May-23,0,Nashik,Yeola,Soyabean,4000,4700,4650,Summer
27-May-23,0,Nashik,Yeola,Soyabean,4400,4711,4670,Summer
31-May-23,0,Nashik,Yeola,Soyabean,4300,4691,4650,Summer
01-Jun-23,86.6,Nashik,Yeola,Soyabean,4500,4676,4646,Monsoon
02-Jun-23,86.6,Nashik,Yeola,Soyabean,4000,4750,4688,Monsoon
03-Jun-23,86.6,Nashik,Yeola,Soyabean,4676,4775,4740,Monsoon
05-Jun-23,86.6,Nashik,Yeola,Soyabean,4456,4731,4651,Monsoon
07-Jun-23,86.6,Nashik,Yeola,Soyabean,4371,4750,4650,Monsoon
08-Jun-23,86.6,Nashik,Yeola,Soyabean,4250,4756,4731,Monsoon
10-Jun-23,86.6,Nashik,Yeola,Soyabean,4200,4771,4700,Monsoon
12-Jun-23,86.6,Nashik,Yeola,Soyabean,4000,4725,4671,Monsoon
14-Jun-23,86.6,Nashik,Yeola,Soyabean,4000,4721,4675,Monsoon
15-Jun-23,86.6,Nashik,Yeola,Soyabean,4000,4851,4731,Monsoon
16-Jun-23,86.6,Nashik,Yeola,Soyabean,4500,4840,4700,Monsoon
17-Jun-23,86.6,Nashik,Yeola,Soyabean,4444,4879,4770,Monsoon
21-Jun-23,86.6,Nashik,Yeola,Soyabean,4700,4800,4751,Monsoon
22-Jun-23,86.6,Nashik,Yeola,Soyabean,4000,4817,4799,Monsoon
28-Jun-23,86.6,Nashik,Yeola,Soyabean,4000,4801,4752,Monsoon
30-Jun-23,86.6,Nashik,Yeola,Soyabean,4100,4790,4752,Monsoon
01-Jul-23,68.8,Nashik,Yeola,Soyabean,4101,4800,4750,Monsoon
03-Jul-23,68.8,Nashik,Yeola,Soyabean,4576,4850,4815,Monsoon
05-Jul-23,68.8,Nashik,Yeola,Soyabean,4471,4832,4800,Monsoon
06-Jul-23,68.8,Nashik,Yeola,Soyabean,4000,4828,4800,Monsoon
07-Jul-23,68.8,Nashik,Yeola,Soyabean,4550,4822,4801,Monsoon
13-Jul-23,68.8,Nashik,Yeola,Soyabean,4688,4750,4730,Monsoon
15-Jul-23,68.8,Nashik,Yeola,Soyabean,4726,4770,4767,Monsoon
19-Jul-23,68.8,Nashik,Yeola,Soyabean,4651,4751,4750,Monsoon
20-Jul-23,68.8,Nashik,Yeola,Soyabean,4700,4765,4717,Monsoon
24-Jul-23,68.8,Nashik,Yeola,Soyabean,4854,5000,4881,Monsoon
28-Jul-23,68.8,Nashik,Yeola,Soyabean,4650,4932,4920,Monsoon
02-Aug-23,24.8,Nashik,Yeola,Soyabean,4851,4899,4875,Monsoon
03-Aug-23,24.8,Nashik,Yeola,Soyabean,4800,4871,4865,Monsoon
04-Aug-23,24.8,Nashik,Yeola,Soyabean,4775,4901,4875,Monsoon
05-Aug-23,24.8,Nashik,Yeola,Soyabean,4700,4925,4901,Monsoon
07-Aug-23,24.8,Nashik,Yeola,Soyabean,4845,4900,4880,Monsoon
09-Aug-23,24.8,Nashik,Yeola,Soyabean,4753,4901,4875,Monsoon
10-Aug-23,24.8,Nashik,Yeola,Soyabean,4700,4870,4850,Monsoon
11-Aug-23,24.8,Nashik,Yeola,Soyabean,4791,4881,4875,Monsoon
12-Aug-23,24.8,Nashik,Yeola,Soyabean,4700,4901,4850,Monsoon
14-Aug-23,24.8,Nashik,Yeola,Soyabean,4770,4835,4800,Monsoon
17-Aug-23,24.8,Nashik,Yeola,Soyabean,4700,4850,4800,Monsoon
18-Aug-23,24.8,Nashik,Yeola,Soyabean,4700,4917,4855,Monsoon
23-Aug-23,24.8,Nashik,Yeola,Soyabean,4900,4900,4900,Monsoon
25-Aug-23,24.8,Nashik,Yeola,Soyabean,4700,4851,4812,Monsoon
09-Sep-23,229.6,Nashik,Yeola,Soyabean,4899,4899,4899,Monsoon
04-Oct-23,15.5,Nashik,Yeola,Soyabean,4000,4563,4350,Post-Monsoon
05-Oct-23,15.5,Nashik,Yeola,Soyabean,4075,4500,4351,Post-Monsoon
06-Oct-23,15.5,Nashik,Yeola,Soyabean,4000,4532,4390,Post-Monsoon
07-Oct-23,15.5,Nashik,Yeola,Soyabean,4000,4502,4151,Post-Monsoon
11-Oct-23,15.5,Nashik,Yeola,Soyabean,4000,4372,4250,Post-Monsoon
12-Oct-23,15.5,Nashik,Yeola,Soyabean,3650,4400,4250,Post-Monsoon
13-Oct-23,15.5,Nashik,Yeola,Soyabean,4000,4568,4400,Post-Monsoon
16-Oct-23,15.5,Nashik,Yeola,Soyabean,4025,4558,4450,Post-Monsoon
18-Oct-23,15.5,Nashik,Yeola,Soyabean,4050,4573,4400,Post-Monsoon
19-Oct-23,15.5,Nashik,Yeola,Soyabean,4060,4627,4451,Post-Monsoon
20-Oct-23,15.5,Nashik,Yeola,Soyabean,4051,4651,4500,Post-Monsoon
21-Oct-23,15.5,Nashik,Yeola,Soyabean,4251,4780,4650,Post-Monsoon
25-Oct-23,15.5,Nashik,Yeola,Soyabean,4301,4752,4671,Post-Monsoon
26-Oct-23,15.5,Nashik,Yeola,Soyabean,4200,4833,4701,Post-Monsoon
27-Oct-23,15.5,Nashik,Yeola,Soyabean,3901,4825,4720,Post-Monsoon
30-Oct-23,15.5,Nashik,Yeola,Soyabean,4000,4866,4720,Post-Monsoon
01-Nov-23,30.5,Nashik,Yeola,Soyabean,4002,4871,4825,Post-Monsoon
03-Nov-23,30.5,Nashik,Yeola,Soyabean,4661,4839,4751,Post-Monsoon
06-Nov-23,30.5,Nashik,Yeola,Soyabean,4600,4875,4770,Post-Monsoon
20-Nov-23,30.5,Nashik,Yeola,Soyabean,4350,5166,5056,Post-Monsoon
22-Nov-23,30.5,Nashik,Yeola,Soyabean,5127,5201,5175,Post-Monsoon
23-Nov-23,30.5,Nashik,Yeola,Soyabean,4801,5180,5150,Post-Monsoon
24-Nov-23,30.5,Nashik,Yeola,Soyabean,4999,5151,5024,Post-Monsoon
25-Nov-23,30.5,Nashik,Yeola,Soyabean,5000,5100,5050,Post-Monsoon
29-Nov-23,30.5,Nashik,Yeola,Soyabean,5000,5275,5050,Post-Monsoon
02-Dec-23,4.1,Nashik,Yeola,Soyabean,4751,4951,4850,Winter
04-Dec-23,4.1,Nashik,Yeola,Soyabean,4800,4918,4850,Winter
06-Dec-23,4.1,Nashik,Yeola,Soyabean,4650,4860,4800,Winter
07-Dec-23,4.1,Nashik,Yeola,Soyabean,4600,4735,4690,Winter
08-Dec-23,4.1,Nashik,Yeola,Soyabean,4600,4801,4751,Winter
09-Dec-23,4.1,Nashik,Yeola,Soyabean,4850,4942,4876,Winter
11-Dec-23,4.1,Nashik,Yeola,Soyabean,4745,4901,4861,Winter
13-Dec-23,4.1,Nashik,Yeola,Soyabean,4600,4820,4775,Winter
14-Dec-23,4.1,Nashik,Yeola,Soyabean,4768,4792,4782,Winter
15-Dec-23,4.1,Nashik,Yeola,Soyabean,4701,4786,4766,Winter
16-Dec-23,4.1,Nashik,Yeola,Soyabean,4700,4818,4750,Winter
18-Dec-23,4.1,Nashik,Yeola,Soyabean,4650,4715,4681,Winter
20-Dec-23,4.1,Nashik,Yeola,Soyabean,4600,4676,4655,Winter
21-Dec-23,4.1,Nashik,Yeola,Soyabean,4500,4620,4580,Winter
22-Dec-23,4.1,Nashik,Yeola,Soyabean,4000,4551,4500,Winter
27-Dec-23,4.1,Nashik,Yeola,Soyabean,4600,4730,4701,Winter
28-Dec-23,4.1,Nashik,Yeola,Soyabean,4600,4700,4675,Winter
29-Dec-23,4.1,Nashik,Yeola,Soyabean,4600,4725,4680,Winter
30-Dec-23,4.1,Nashik,Yeola,Soyabean,4444,4641,4625,Winter
01-Jan-24,0.1,Nashik,Yeola,Soyabean,4440,4641,4625,Winter
03-Jan-24,0.1,Nashik,Yeola,Soyabean,4490,4601,4581,Winter
04-Jan-24,0.1,Nashik,Yeola,Soyabean,4200,4625,4590,Winter
05-Jan-24,0.1,Nashik,Yeola,Soyabean,4250,4615,4575,Winter
06-Jan-24,0.1,Nashik,Yeola,Soyabean,4565,4588,4570,Winter
08-Jan-24,0.1,Nashik,Yeola,Soyabean,4500,4700,4600,Winter
10-Jan-24,0.1,Nashik,Yeola,Soyabean,4600,4689,4660,Winter
11-Jan-24,0.1,Nashik,Yeola,Soyabean,4600,4635,4601,Winter
12-Jan-24,0.1,Nashik,Yeola,Soyabean,4600,4675,4650,Winter
17-Jan-24,0.1,Nashik,Yeola,Soyabean,4525,4557,4551,Winter
18-Jan-24,0.1,Nashik,Yeola,Soyabean,4091,4561,4475,Winter
19-Jan-24,0.1,Nashik,Yeola,Soyabean,4251,4580,4550,Winter
20-Jan-24,0.1,Nashik,Yeola,Soyabean,4500,4600,4550,Winter
24-Jan-24,0.1,Nashik,Yeola,Soyabean,4289,4561,4531,Winter
27-Jan-24,0.1,Nashik,Yeola,Soyabean,4000,4455,4420,Winter
29-Jan-24,0.1,Nashik,Yeola,Soyabean,4000,4350,4325,Winter
31-Jan-24,0.1,Nashik,Yeola,Soyabean,4000,4379,4330,Winter
01-Feb-24,0,Nashik,Yeola,Soyabean,3700,4422,4400,Winter
02-Feb-24,0,Nashik,Yeola,Soyabean,4226,4402,4350,Winter
03-Feb-24,0,Nashik,Yeola,Soyabean,4000,4396,4325,Winter
05-Feb-24,0,Nashik,Yeola,Soyabean,3800,4419,4390,Winter
07-Feb-24,0,Nashik,Yeola,Soyabean,4141,4426,4375,Winter
08-Feb-24,0,Nashik,Yeola,Soyabean,4000,4436,4380,Winter
09-Feb-24,0,Nashik,Yeola,Soyabean,4141,4425,4400,Winter
10-Feb-24,0,Nashik,Yeola,Soyabean,4300,4440,4411,Winter
12-Feb-24,0,Nashik,Yeola,Soyabean,3801,4421,4400,Winter
14-Feb-24,0,Nashik,Yeola,Soyabean,4200,4400,4375,Winter
16-Feb-24,0,Nashik,Yeola,Soyabean,4000,4366,4350,Winter
21-Feb-24,0,Nashik,Yeola,Soyabean,4001,4400,4375,Winter
22-Feb-24,0,Nashik,Yeola,Soyabean,4000,4399,4350,Winter
24-Feb-24,0,Nashik,Yeola,Soyabean,4250,4377,4350,Winter
28-Feb-24,0,Nashik,Yeola,Soyabean,4000,4400,4386,Winter
29-Feb-24,0,Nashik,Yeola,Soyabean,4001,4399,4375,Winter
01-Mar-24,0,Nashik,Yeola,Soyabean,4200,4381,4375,Summer
02-Mar-24,0,Nashik,Yeola,Soyabean,4104,4375,4361,Summer
09-Mar-24,0,Nashik,Yeola,Soyabean,3500,4340,4325,Summer
11-Mar-24,0,Nashik,Yeola,Soyabean,4175,4428,4380,Summer
13-Mar-24,0,Nashik,Yeola,Soyabean,4000,4381,4360,Summer
14-Mar-24,0,Nashik,Yeola,Soyabean,4331,4398,4390,Summer
15-Mar-24,0,Nashik,Yeola,Soyabean,4000,4400,4355,Summer
16-Mar-24,0,Nashik,Yeola,Soyabean,4250,4524,4425,Summer
18-Mar-24,0,Nashik,Yeola,Soyabean,4200,4411,4383,Summer
20-Mar-24,0,Nashik,Yeola,Soyabean,4150,4361,4342,Summer
21-Mar-24,0,Nashik,Yeola,Soyabean,4150,4350,4325,Summer
27-Mar-24,0,Nashik,Yeola,Soyabean,4100,4250,4225,Summer
04-May-24,0,Nashik,Yeola,Soyabean,4000,4453,4444,Summer
06-May-24,0,Nashik,Yeola,Soyabean,4300,4496,4450,Summer
08-May-24,0,Nashik,Yeola,Soyabean,4001,4551,4501,Summer
11-May-24,0,Nashik,Yeola,Soyabean,4350,4480,4450,Summer
13-May-24,0,Nashik,Yeola,Soyabean,4251,4490,4450,Summer
15-May-24,0,Nashik,Yeola,Soyabean,4000,4462,4401,Summer
16-May-24,0,Nashik,Yeola,Soyabean,3001,4481,4451,Summer
17-May-24,0,Nashik,Yeola,Soyabean,4158,4450,4431,Summer
22-May-24,0,Nashik,Yeola,Soyabean,4151,4471,4400,Summer
23-May-24,0,Nashik,Yeola,Soyabean,4300,4451,4411,Summer
24-May-24,0,Nashik,Yeola,Soyabean,4000,4459,4415,Summer
25-May-24,0,Nashik,Yeola,Soyabean,4300,4451,4411,Summer
27-May-24,0,Nashik,Yeola,Soyabean,4370,4450,4440,Summer
29-May-24,0,Nashik,Yeola,Soyabean,4201,4450,4430,Summer
30-May-24,0,Nashik,Yeola,Soyabean,4001,4459,4440,Summer
31-May-24,0,Nashik,Yeola,Soyabean,4207,4426,4400,Summer
01-Jun-24,142.8,Nashik,Yeola,Soyabean,4325,4440,4376,Monsoon
03-Jun-24,142.8,Nashik,Yeola,Soyabean,4000,4455,4430,Monsoon
05-Jun-24,142.8,Nashik,Yeola,Soyabean,3500,4425,4410,Monsoon
06-Jun-24,142.8,Nashik,Yeola,Soyabean,4400,4414,4408,Monsoon
07-Jun-24,142.8,Nashik,Yeola,Soyabean,4000,4426,4400,Monsoon
08-Jun-24,142.8,Nashik,Yeola,Soyabean,4100,4412,4410,Monsoon
10-Jun-24,142.8,Nashik,Yeola,Soyabean,4265,4385,4350,Monsoon
29-Jun-24,142.8,Nashik,Yeola,Soyabean,4400,4424,4411,Monsoon
03-Jul-24,114.8,Nashik,Yeola,Soyabean,4000,4380,4351,Monsoon
04-Jul-24,114.8,Nashik,Yeola,Soyabean,4200,4401,4351,Monsoon
05-Jul-24,114.8,Nashik,Yeola,Soyabean,3875,4401,4375,Monsoon
06-Jul-24,114.8,Nashik,Yeola,Soyabean,3500,4417,4400,Monsoon
08-Jul-24,114.8,Nashik,Yeola,Soyabean,4112,4413,4375,Monsoon
10-Jul-24,114.8,Nashik,Yeola,Soyabean,4364,43785,6366,Monsoon
11-Jul-24,114.8,Nashik,Yeola,Soyabean,4301,4365,4330,Monsoon
